Noah,Smith,213-784-2940
Liam,Johnson,310-770-7386
Ethan,Williams,323-145-4008
Lucas,Jones,424-465-2834
Mason,Brown,562-653-0529
Oliver,Davis,626-175-3607
Aiden,Miller,714-533-2553
Elijah,Wilson,747-225-6609
Benjamin,Moore,805-353-5796
James,Taylor,818-754-2867
Logan,Anderson,213-857-1431
Jacob,Thomas,310-732-2660
Jackson,White,323-937-5247
Michael,Jackson,424-969-1833
Carter,Harris,562-744-5105
Luke,Martin,626-463-4092
Daniel,Thompson,714-484-5275
William,Garcia,747-916-3235
Alexander,Martinez,805-881-2008
Jack,Robinson,818-847-7288
Owen,Clark,213-535-9082
Gabriel,Rodriguez,310-839-2264
Matthew,Lewis,323-283-3302
Henry,Lee,424-300-1553
Sebastian,Walker,562-180-6372
Wyatt,Hall,626-609-1091
Grayson,Allen,714-339-7919
Nathan,Young,747-987-1817
Isaac,Hernandez,805-121-4477
Ryan,King,818-747-4461
Jayden,Wright,213-599-2623
Caleb,Lopez,310-978-5271
Levi,Hill,323-847-6949
Eli,Scott,424-469-8887
David,Green,562-146-6213
Jaxon,Adams,626-247-2465
Dylan,Baker,714-736-3783
Julian,Gonzalez,747-256-3853
Andrew,Nelson,805-335-4447
Hunter,Carter,818-190-3932
Samuel,Mitchell,213-817-6001
Lincoln,Perez,310-857-0399
Joshua,Roberts,323-189-5204
Joseph,Turner,424-837-3952
Connor,Phillips,562-886-3668
Leo,Campbell,626-427-6670
Cameron,Parker,714-862-7042
John,Evans,747-903-1199
Anthony,Edwards,805-779-4924
Adam,Collins,818-208-2647
Isaiah,Stewart,213-556-3629
Landon,Sanchez,310-796-5687
Max,Morris,323-845-1744
Christian,Rogers,424-707-4387
Nolan,Reed,562-274-4031
Thomas,Cook,626-720-7909
Evan,Morgan,714-995-3493
Josiah,Bell,747-571-6309
Hudson,Murphy,805-776-4173
Cooper,Bailey,818-173-4469
Brayden,Rivera,213-408-1833
Charlie,Cooper,310-442-1334
Christopher,Richardson,323-538-8959
Colton,Cox,424-137-5498
Dominic,Howard,562-601-6317
Asher,Ward,626-634-3891
Gavin,Torres,714-604-8474
Aaron,Peterson,747-347-8170
Ezra,Gray,805-242-9209
Adrian,Ramirez,818-651-3743
Jeremiah,James,213-878-8691
Austin,Watson,310-172-1783
Nicholas,Brooks,323-991-2909
Mateo,Kelly,424-871-5808
Muhammad,Sanders,562-464-4765
Easton,Price,626-976-4979
Jace,Bennett,714-369-4761
Parker,Wood,747-314-5490
Chase,Barnes,805-208-3294
Jordan,Ross,818-974-8888
Ian,Henderson,213-591-9204
Jonathan,Coleman,310-606-2293
Carson,Jenkins,323-835-1272
Tyler,Perry,424-654-5178
Zachary,Powell,562-587-8551
Jaxson,Long,626-992-5676
Ayden,Patterson,714-706-9047
Harrison,Hughes,747-249-5179
Alex,Flores,805-554-2487
Xavier,Washington,818-473-4503
Elias,Butler,213-937-1131
Miles,Simmons,310-623-2620
Greyson,Foster,323-476-9823
Declan,Gonzales,424-691-5442
Tristan,Bryant,562-528-2176
Roman,Alexander,626-322-9564
Cole,Russell,714-685-3646
Sawyer,Griffin,747-571-5369
Jason,Diaz,805-260-7570
Bryson,Hayes,818-474-0092
Camden,Myers,213-218-3578
Bentley,Ford,310-559-6225
Kayden,Hamilton,323-916-9993
Ryder,Graham,424-265-3354
Blake,Sullivan,562-805-4356
Everett,Wallace,626-762-7821
Nathaniel,Woods,714-482-3375
Robert,Cole,747-553-4983
Micah,West,805-922-2148
Luca,Jordan,818-778-0305
Kai,Owens,213-719-9664
Weston,Reynolds,310-984-6034
Bennett,Fisher,323-439-2960
Vincent,Ellis,424-608-1452
Jonah,Harrison,562-558-9183
Santiago,Gibson,626-462-8336
Silas,Mcdonald,714-356-0784
Jameson,Cruz,747-490-6728
Brody,Marshall,805-577-6446
Theodore,Ortiz,818-679-3265
Emma,Murray,213-550-0238
Olivia,Freeman,310-280-0557
Ava,Wells,323-588-6745
Sophia,Webb,424-391-5345
Isabella,Simpson,562-715-7806
Mia,Stevens,626-759-5603
Charlotte,Tucker,714-302-0653
Harper,Porter,747-998-4747
Amelia,Hunter,805-172-0280
Abigail,Hicks,818-801-5581
Emily,Crawford,213-765-7821
Madison,Henry,310-481-8581
Lily,Boyd,323-726-4238
Ella,Mason,424-636-8904
Avery,Morales,562-886-7673
Evelyn,Kennedy,626-794-1782
Sofia,Warren,714-404-3512
Aria,Dixon,747-920-6546
Chloe,Ramos,805-792-1669
Riley,Reyes,818-459-5518
Ellie,Burns,213-963-8575
Scarlett,Gordon,310-823-1423
Elizabeth,Shaw,323-409-9030
Aubrey,Holmes,424-350-5074
Grace,Rice,562-877-0777
Layla,Robertson,626-572-5426
Addison,Hunt,714-472-3046
Zoey,Black,747-283-0210
Hannah,Daniels,805-635-9472
Zoe,Palmer,818-238-3373
Mila,Mills,213-931-6072
Victoria,Nichols,310-600-4714
Brooklyn,Grant,323-822-3795
Penelope,Knight,424-726-5800
Lucy,Ferguson,562-366-2414
Nora,Rose,626-955-4292
Audrey,Stone,714-665-9161
Natalie,Hawkins,747-184-9469
Skylar,Dunn,805-355-9219
Stella,Perkins,818-365-1864
Claire,Hudson,213-801-5094
Lillian,Spencer,310-541-0471
Violet,Gardner,323-298-6955
Eva,Stephens,424-442-2700
Leah,Payne,562-188-2956
Savannah,Pierce,626-632-3578
Maya,Berry,714-539-6387
Aurora,Matthews,747-287-6963
Alice,Arnold,805-972-8227
Camila,Wagner,818-965-0093
Maria,Willis,213-507-1433
Anna,Ray,310-794-7821
Bella,Watkins,323-742-4146
Gabriella,Olson,424-433-6443
Sarah,Carroll,562-350-3526
Kennedy,Duncan,626-853-0507
Aaliyah,Snyder,714-421-0536
Hailey,Hart,747-461-2352
Caroline,Cunningham,805-307-3895
Sophie,Bradley,818-777-0346
Sadie,Lane,213-116-3034
Paisley,Andrews,310-289-7943
Hazel,Ruiz,323-297-1237
Samantha,Harper,424-422-5108
Eleanor,Fox,562-117-1376
Madelyn,Riley,626-625-7028
Julia,Armstrong,714-935-0798
Luna,Carpenter,747-820-7373
Mackenzie,Weaver,805-141-8981
Peyton,Greene,818-240-6385
Quinn,Lawrence,213-241-3265
Adeline,Elliott,310-481-1746
Piper,Chavez,323-209-3163
Ruby,Sims,424-794-7782
Ariana,Austin,562-938-1691
Emilia,Peters,626-150-3630
Elena,Kelley,714-486-5941
Kaylee,Franklin,747-411-8944
Arianna,Lawson,805-993-5896
Isabelle,Gomez,818-123-0893
Naomi,Smith,213-525-1159
Aubree,Johnson,310-575-3898
Clara,Williams,323-927-1885
Eliana,Jones,424-896-0122
Cora,Brown,562-662-4241
Autumn,Davis,626-621-0187
Gianna,Miller,714-601-6757
Reagan,Wilson,747-475-3526
Taylor,Moore,805-756-1235
Madeline,Taylor,818-175-2695
Alexa,Anderson,213-123-5057
Serenity,Thomas,310-276-7527
Alyssa,Jackson,323-948-3611
Lydia,White,424-939-6484
Annabelle,Harris,562-290-1476
Allison,Martin,626-312-8701
Everly,Thompson,714-979-6502
Kylie,Garcia,747-451-6603
Valentina,Martinez,805-611-3508
Alexis,Robinson,818-856-3619
Isla,Clark,213-882-1889
Kinsley,Rodriguez,310-303-2970
Lilly,Lewis,323-663-8959
Delilah,Lee,424-579-2803
Rylee,Walker,562-495-1315
Hadley,Hall,626-872-3455
Nevaeh,Allen,714-723-4236
Willow,Young,747-907-5922
Brielle,Hernandez,805-893-5199
Sara,King,818-826-2029
Jade,Wright,213-357-8784
Bailey,Lopez,310-934-5853
Adalynn,Hill,323-931-9977
Lyla,Scott,424-259-1748
Natalia,Green,562-389-9826
Khloe,Adams,626-791-6905
Morgan,Baker,714-878-3827
Melanie,Gonzalez,747-764-6730
Ivy,Nelson,805-935-0737
Faith,Carter,818-746-8535
